<?xml version="1.0" encoding="UTF-8"?>
<beans xmlns="http://www.springframework.org/schema/beans"
       xmlns:context="http://www.springframework.org/schema/context"
       xmlns:xsi="http://www.w3.org/2001/XMLSchema-instance"
       xmlns:aop="http://www.springframework.org/schema/aop"
       xsi:schemaLocation="http://www.springframework.org/schema/beans http://www.springframework.org/schema/beans/spring-beans-3.0.xsd
	http://www.springframework.org/schema/aop http://www.springframework.org/schema/aop/spring-aop-3.0.xsd
	http://www.springframework.org/schema/context
    http://www.springframework.org/schema/context/spring-context-3.0.xsd">

    <context:component-scan base-package="net.aimeizi.quartz.*"/>

    <!-- 启用@Aspect支持 -->
    <aop:aspectj-autoproxy/>

    <context:property-placeholder location="classpath:jdbc.properties"/>

    <bean id="dataSource" class="org.apache.commons.dbcp.BasicDataSource"
          destroy-method="close">
        <property name="driverClassName">
            <value>${driverClassName}</value>
        </property>
        <property name="url">
            <value>${jdbcUrl}</value>
        </property>
        <property name="username">
            <value>${username}</value>
        </property>
        <property name="password">
            <value>${password}</value>
        </property>
        <property name="initialSize">
            <value>${initialSize}</value>
        </property>
        <property name="maxActive">
            <value>${maxActive}</value>
        </property>
        <property name="maxIdle">
            <value>${maxIdle}</value>
        </property>
        <property name="maxWait">
            <value>${maxWait}</value>
        </property>
    </bean>

    <bean id="jdbcTemplate" class="org.springframework.jdbc.core.JdbcTemplate">
        <property name="dataSource">
            <ref bean="dataSource"/>
        </property>
        <property name="fetchSize">
            <value>${jdbcTemplate.fetchSize}</value>
        </property>
    </bean>

    <bean id="jdbcDao" class="com.dexcoder.dal.spring.JdbcDaoImpl">
        <property name="jdbcTemplate" ref="jdbcTemplate"/>
    </bean>

    <bean id="scheduler" class="org.springframework.scheduling.quartz.SchedulerFactoryBean">
        <property name="dataSource" ref="dataSource" />
        <property name="quartzProperties">
            <props>
                <prop key="org.quartz.scheduler.instanceName">ClusterScheduler</prop>
                <prop key="org.quartz.scheduler.instanceId">AUTO</prop>
                <!-- 线程池配置 -->
                <prop key="org.quartz.threadPool.class">org.quartz.simpl.SimpleThreadPool</prop>
                <prop key="org.quartz.threadPool.threadCount">20</prop>
                <prop key="org.quartz.threadPool.threadPriority">5</prop>
                <!-- JobStore 配置 -->
                <prop key="org.quartz.jobStore.class">org.quartz.impl.jdbcjobstore.JobStoreTX</prop>

                <!-- 集群配置 -->
                <prop key="org.quartz.jobStore.isClustered">true</prop>
                <prop key="org.quartz.jobStore.clusterCheckinInterval">15000</prop>
                <prop key="org.quartz.jobStore.maxMisfiresToHandleAtATime">1</prop>

                <prop key="org.quartz.jobStore.misfireThreshold">120000</prop>

                <prop key="org.quartz.jobStore.tablePrefix">QRTZ_</prop>
            </props>
        </property>

        <property name="schedulerName" value="ClusterScheduler" />

        <!--必须的，QuartzScheduler 延时启动，应用启动完后 QuartzScheduler 再启动 -->
        <property name="startupDelay" value="30" />

        <property name="applicationContextSchedulerContextKey" value="applicationContextKey" />

        <!--可选，QuartzScheduler 启动时更新己存在的Job，这样就不用每次修改targetObject后删除qrtz_job_details表对应记录了 -->
        <property name="overwriteExistingJobs" value="true" />

        <!-- 设置自动启动 -->
        <property name="autoStartup" value="true" />

        <!--<property name="configLocation" value="classpath:quartz.properties" />-->
    </bean>
</beans>